Раздел / Section,Пункт / Code,Название (РУС),Name (ENG)
§ 1. ПРЕДУПРЕЖДАЮЩИЕ ЗНАКИ / WARNING SIGNS,1.1,Железнодорожный переезд со шлагбаумом,Railway crossing with a barrier
§ 1. ПРЕДУПРЕЖДАЮЩИЕ ЗНАКИ / WARNING SIGNS,1.2,Железнодорожный переезд без шлагбаума,Railway crossing without a barrier
§ 1. ПРЕДУПРЕЖДАЮЩИЕ ЗНАКИ / WARNING SIGNS,1.3.1,Однопутная железная дорога,Single-track railway
§ 1. ПРЕДУПРЕЖДАЮЩИЕ ЗНАКИ / WARNING SIGNS,1.3.2,Многопутная железная дорога,Multi-track railway
§ 1. ПРЕДУПРЕЖДАЮЩИЕ ЗНАКИ / WARNING SIGNS,1.4.1,Приближение к железнодорожному переезду,Approaching a railway crossing
§ 1. ПРЕДУПРЕЖДАЮЩИЕ ЗНАКИ / WARNING SIGNS,1.4.2,Приближение к железнодорожному переезду,Approaching a railway crossing
§ 1. ПРЕДУПРЕЖДАЮЩИЕ ЗНАКИ / WARNING SIGNS,1.4.3,Приближение к железнодорожному переезду,Approaching a railway crossing
§ 1. ПРЕДУПРЕЖДАЮЩИЕ ЗНАКИ / WARNING SIGNS,1.4.4,Приближение к железнодорожному переезду,Approaching a railway crossing
§ 1. ПРЕДУПРЕЖДАЮЩИЕ ЗНАКИ / WARNING SIGNS,1.4.5,Приближение к железнодорожному переезду,Approaching a railway crossing
§ 1. ПРЕДУПРЕЖДАЮЩИЕ ЗНАКИ / WARNING SIGNS,1.4.6,Приближение к железнодорожному переезду,Approaching a railway crossing
§ 1. ПРЕДУПРЕЖДАЮЩИЕ ЗНАКИ / WARNING SIGNS,1.5,Пересечение с трамвайной линией,Trams
§ 1. ПРЕДУПРЕЖДАЮЩИЕ ЗНАКИ / WARNING SIGNS,1.6,Конец дороги с усовершенствованным покрытием,End of paved road
§ 1. ПРЕДУПРЕЖДАЮЩИЕ ЗНАКИ / WARNING SIGNS,1.7,Пересечение с круговым движением,Roundabout
§ 1. ПРЕДУПРЕЖДАЮЩИЕ ЗНАКИ / WARNING SIGNS,1.8,Светофорное регулирование,Traffic signals
§ 1. ПРЕДУПРЕЖДАЮЩИЕ ЗНАКИ / WARNING SIGNS,1.9,Разводной мост или паромная переправа,Opening bridge
§ 1. ПРЕДУПРЕЖДАЮЩИЕ ЗНАКИ / WARNING SIGNS,1.10,Выезд на набережную,Departure to the embankment
§ 1. ПРЕДУПРЕЖДАЮЩИЕ ЗНАКИ / WARNING SIGNS,1.11.1,Опасный поворот (направо),Dangerous curve (right)
§ 1. ПРЕДУПРЕЖДАЮЩИЕ ЗНАКИ / WARNING SIGNS,1.11.2,Опасный поворот (налево),Dangerous curve (left)
§ 1. ПРЕДУПРЕЖДАЮЩИЕ ЗНАКИ / WARNING SIGNS,1.12.1,Опасные повороты (первый — направо),Dangerous curves (first right)
§ 1. ПРЕДУПРЕЖДАЮЩИЕ ЗНАКИ / WARNING SIGNS,1.12.2,Опасные повороты (первый — налево),Dangerous curves (first left)
§ 1. ПРЕДУПРЕЖДАЮЩИЕ ЗНАКИ / WARNING SIGNS,1.13,Крутой спуск,Steep descent
§ 1. ПРЕДУПРЕЖДАЮЩИЕ ЗНАКИ / WARNING SIGNS,1.14,Крутой подъём,Steep climb
§ 1. ПРЕДУПРЕЖДАЮЩИЕ ЗНАКИ / WARNING SIGNS,1.15,Скользкая дорога,Slippery road
§ 1. ПРЕДУПРЕЖДАЮЩИЕ ЗНАКИ / WARNING SIGNS,1.16.1,Искусственная неровность,Speed bump
§ 1. ПРЕДУПРЕЖДАЮЩИЕ ЗНАКИ / WARNING SIGNS,1.16.2,Неровная дорога,Uneven road
§ 1. ПРЕДУПРЕЖДАЮЩИЕ ЗНАКИ / WARNING SIGNS,1.16.3,Неровная дорога (бугор),Uneven road (bump)
§ 1. ПРЕДУПРЕЖДАЮЩИЕ ЗНАКИ / WARNING SIGNS,1.16.4,Неровная дорога (выбоины),Uneven road (potholes)
§ 1. ПРЕДУПРЕЖДАЮЩИЕ ЗНАКИ / WARNING SIGNS,1.17,Выброс гравия,Gravel surface
§ 1. ПРЕДУПРЕЖДАЮЩИЕ ЗНАКИ / WARNING SIGNS,1.18.1,Сужение дороги (с обеих сторон),Road narrows (both sides)
§ 1. ПРЕДУПРЕЖДАЮЩИЕ ЗНАКИ / WARNING SIGNS,1.18.2,Сужение дороги (справа),Road narrows (right)
§ 1. ПРЕДУПРЕЖДАЮЩИЕ ЗНАКИ / WARNING SIGNS,1.18.3,Сужение дороги (слева),Road narrows (left)
§ 1. ПРЕДУПРЕЖДАЮЩИЕ ЗНАКИ / WARNING SIGNS,1.18.4,"Сужение дороги (с обеих сторон, временный)","Road narrows (both sides, temporary)"
§ 1. ПРЕДУПРЕЖДАЮЩИЕ ЗНАКИ / WARNING SIGNS,1.18.5,"Сужение дороги (справа, временный)","Road narrows (right, temporary)"
§ 1. ПРЕДУПРЕЖДАЮЩИЕ ЗНАКИ / WARNING SIGNS,1.18.6,"Сужение дороги (слева, временный)","Road narrows (left, temporary)"
§ 1. ПРЕДУПРЕЖДАЮЩИЕ ЗНАКИ / WARNING SIGNS,1.19.1,Двустороннее движение,Two-way traffic
§ 1. ПРЕДУПРЕЖДАЮЩИЕ ЗНАКИ / WARNING SIGNS,1.19.2,Двустороннее движение (временный),Two-way traffic (temporary)
§ 1. ПРЕДУПРЕЖДАЮЩИЕ ЗНАКИ / WARNING SIGNS,1.20,Впереди пешеходный переход,Pedestrian crossing ahead
§ 1. ПРЕДУПРЕЖДАЮЩИЕ ЗНАКИ / WARNING SIGNS,1.21,Дети,Children
§ 1. ПРЕДУПРЕЖДАЮЩИЕ ЗНАКИ / WARNING SIGNS,1.22,Впереди велосипедный переезд,Intersection with a bike path
§ 1. ПРЕДУПРЕЖДАЮЩИЕ ЗНАКИ / WARNING SIGNS,1.23,Дорожные работы,Roadworks
§ 1. ПРЕДУПРЕЖДАЮЩИЕ ЗНАКИ / WARNING SIGNS,1.24,Перегон скота,Cattle ahead
§ 1. ПРЕДУПРЕЖДАЮЩИЕ ЗНАКИ / WARNING SIGNS,1.25,Дикие животные,Deer ahead
§ 1. ПРЕДУПРЕЖДАЮЩИЕ ЗНАКИ / WARNING SIGNS,1.26,Падение камней,Falling rocks
§ 1. ПРЕДУПРЕЖДАЮЩИЕ ЗНАКИ / WARNING SIGNS,1.27,Боковой ветер,Side wind
§ 1. ПРЕДУПРЕЖДАЮЩИЕ ЗНАКИ / WARNING SIGNS,1.28,Низколетящие самолёты,Low-flying aircraft
§ 1. ПРЕДУПРЕЖДАЮЩИЕ ЗНАКИ / WARNING SIGNS,1.29,Аварийно-опасный участок,Accident danger zone
§ 1. ПРЕДУПРЕЖДАЮЩИЕ ЗНАКИ / WARNING SIGNS,1.30,Прочие опасности,Other dangers
§ 1. ПРЕДУПРЕЖДАЮЩИЕ ЗНАКИ / WARNING SIGNS,1.31.1,Направление поворота (направо),Hazard chevron (right)
§ 1. ПРЕДУПРЕЖДАЮЩИЕ ЗНАКИ / WARNING SIGNS,1.31.2,Направление поворота (налево),Hazard chevron (left)
§ 1. ПРЕДУПРЕЖДАЮЩИЕ ЗНАКИ / WARNING SIGNS,1.31.3,Направление поворота (Т-образный),Hazard chevron (T-junction)
§ 1. ПРЕДУПРЕЖДАЮЩИЕ ЗНАКИ / WARNING SIGNS,1.31.4,"Направление поворота (направо, временный)","Hazard chevron (right, temporary)"
§ 1. ПРЕДУПРЕЖДАЮЩИЕ ЗНАКИ / WARNING SIGNS,1.31.5,"Направление поворота (налево, временный)","Hazard chevron (left, temporary)"
§ 1. ПРЕДУПРЕЖДАЮЩИЕ ЗНАКИ / WARNING SIGNS,1.32,Опасная обочина,Dangerous roadside
§ 1. ПРЕДУПРЕЖДАЮЩИЕ ЗНАКИ / WARNING SIGNS,1.33,Гололедица,Ice on road
§ 1. ПРЕДУПРЕЖДАЮЩИЕ ЗНАКИ / WARNING SIGNS,1.34,Затор на дороге,Congestion
§ 1. ПРЕДУПРЕЖДАЮЩИЕ ЗНАКИ / WARNING SIGNS,1.35,Сезонные миграции земноводных,Seasonal migrations of amphibians
§ 1. ПРЕДУПРЕЖДАЮЩИЕ ЗНАКИ / WARNING SIGNS,1.36,Контроль установленной скорости движения,Speed control
§ 1. ПРЕДУПРЕЖДАЮЩИЕ ЗНАКИ / WARNING SIGNS,1.37,Контроль выполнения требований ПДД,Traffic rules enforcement control
§ 1. ПРЕДУПРЕЖДАЮЩИЕ ЗНАКИ / WARNING SIGNS,1.38,Начало участка контроля средней скорости,Start of average speed control zone
§ 1. ПРЕДУПРЕЖДАЮЩИЕ ЗНАКИ / WARNING SIGNS,1.39,Конец участка контроля средней скорости,End of average speed control zone
§ 2. ЗНАКИ ПРИОРИТЕТА / PRIORITY SIGNS,2.1,Главная дорога,Priority road
§ 2. ЗНАКИ ПРИОРИТЕТА / PRIORITY SIGNS,2.2,Конец главной дороги,End of priority road
§ 2. ЗНАКИ ПРИОРИТЕТА / PRIORITY SIGNS,2.3.1,Пересечение со второстепенной дорогой,Intersection with a secondary road
§ 2. ЗНАКИ ПРИОРИТЕТА / PRIORITY SIGNS,2.3.2,Примыкание второстепенной дороги (справа),Secondary road junction (right)
§ 2. ЗНАКИ ПРИОРИТЕТА / PRIORITY SIGNS,2.3.3,Примыкание второстепенной дороги (слева),Secondary road junction (left)
§ 2. ЗНАКИ ПРИОРИТЕТА / PRIORITY SIGNS,2.3.4,Пересечение равнозначных дорог,Crossroads
§ 2. ЗНАКИ ПРИОРИТЕТА / PRIORITY SIGNS,2.4,Уступить дорогу,Give way
§ 2. ЗНАКИ ПРИОРИТЕТА / PRIORITY SIGNS,2.5,Движение без остановки запрещено,Stop
§ 2. ЗНАКИ ПРИОРИТЕТА / PRIORITY SIGNS,2.6.1,Преимущество встречного движения,Give way to oncoming traffic
§ 2. ЗНАКИ ПРИОРИТЕТА / PRIORITY SIGNS,2.6.2,Преимущество встречного движения (временный),Give way to oncoming traffic (temporary)
§ 2. ЗНАКИ ПРИОРИТЕТА / PRIORITY SIGNS,2.7,Преимущество перед встречным движением,Priority over oncoming traffic
§ 3. ЗАПРЕЩАЮЩИЕ ЗНАКИ / PROHIBITORY SIGNS,3.1,Въезд запрещён,No entry
§ 3. ЗАПРЕЩАЮЩИЕ ЗНАКИ / PROHIBITORY SIGNS,3.2,Движение запрещено,No traffic
§ 3. ЗАПРЕЩАЮЩИЕ ЗНАКИ / PROHIBITORY SIGNS,3.3,Движение механических ТС запрещено,No motor vehicles
§ 3. ЗАПРЕЩАЮЩИЕ ЗНАКИ / PROHIBITORY SIGNS,3.4,Движение грузовых автомобилей запрещено,No lorries
§ 3. ЗАПРЕЩАЮЩИЕ ЗНАКИ / PROHIBITORY SIGNS,3.5,Движение мотоциклов запрещено,No motorcycles
§ 3. ЗАПРЕЩАЮЩИЕ ЗНАКИ / PROHIBITORY SIGNS,3.6,Движение тракторов запрещено,No tractors
§ 3. ЗАПРЕЩАЮЩИЕ ЗНАКИ / PROHIBITORY SIGNS,3.7,Движение с прицепом запрещено,No trailers
§ 3. ЗАПРЕЩАЮЩИЕ ЗНАКИ / PROHIBITORY SIGNS,3.8,Движение гужевых ТС запрещено,No horse-drawn carts
§ 3. ЗАПРЕЩАЮЩИЕ ЗНАКИ / PROHIBITORY SIGNS,3.9,Движение велосипедов запрещено,No bicycles
§ 3. ЗАПРЕЩАЮЩИЕ ЗНАКИ / PROHIBITORY SIGNS,3.10,Движение пешеходов запрещено,No pedestrians
§ 3. ЗАПРЕЩАЮЩИЕ ЗНАКИ / PROHIBITORY SIGNS,3.11.1,Ограничение массы,Weight limit
§ 3. ЗАПРЕЩАЮЩИЕ ЗНАКИ / PROHIBITORY SIGNS,3.11.2,Ограничение массы (временный),Weight limit (temporary)
§ 3. ЗАПРЕЩАЮЩИЕ ЗНАКИ / PROHIBITORY SIGNS,3.12.1,Ограничение нагрузки на ось,Axle weight limit
§ 3. ЗАПРЕЩАЮЩИЕ ЗНАКИ / PROHIBITORY SIGNS,3.12.2,Ограничение нагрузки на ось (временный),Axle weight limit (temporary)
§ 3. ЗАПРЕЩАЮЩИЕ ЗНАКИ / PROHIBITORY SIGNS,3.13,Ограничение высоты,Height limit
§ 3. ЗАПРЕЩАЮЩИЕ ЗНАКИ / PROHIBITORY SIGNS,3.14,Ограничение ширины,Width limit
§ 3. ЗАПРЕЩАЮЩИЕ ЗНАКИ / PROHIBITORY SIGNS,3.15.1,Ограничение длины,Length limit
§ 3. ЗАПРЕЩАЮЩИЕ ЗНАКИ / PROHIBITORY SIGNS,3.15.2,Ограничение длины (временный),Length limit (temporary)
§ 3. ЗАПРЕЩАЮЩИЕ ЗНАКИ / PROHIBITORY SIGNS,3.16,Ограничение минимальной дистанции,Minimum distance limit
§ 3. ЗАПРЕЩАЮЩИЕ ЗНАКИ / PROHIBITORY SIGNS,3.17.1,Таможня,Customs
§ 3. ЗАПРЕЩАЮЩИЕ ЗНАКИ / PROHIBITORY SIGNS,3.17.2,Опасность,Danger
§ 3. ЗАПРЕЩАЮЩИЕ ЗНАКИ / PROHIBITORY SIGNS,3.18.1,Поворот направо запрещён,No right turn
§ 3. ЗАПРЕЩАЮЩИЕ ЗНАКИ / PROHIBITORY SIGNS,3.18.2,Поворот налево запрещён,No left turn
§ 3. ЗАПРЕЩАЮЩИЕ ЗНАКИ / PROHIBITORY SIGNS,3.19,Разворот запрещён,No U-turn
§ 3. ЗАПРЕЩАЮЩИЕ ЗНАКИ / PROHIBITORY SIGNS,3.20.1,Обгон запрещён,No overtaking
§ 3. ЗАПРЕЩАЮЩИЕ ЗНАКИ / PROHIBITORY SIGNS,3.20.2,Обгон запрещён (временный),No overtaking (temporary)
§ 3. ЗАПРЕЩАЮЩИЕ ЗНАКИ / PROHIBITORY SIGNS,3.20.3,Обгон запрещён (с указанием скорости),No overtaking (speed indicated)
§ 3. ЗАПРЕЩАЮЩИЕ ЗНАКИ / PROHIBITORY SIGNS,3.21.1,Конец зоны запрещения обгона,End of no overtaking zone
§ 3. ЗАПРЕЩАЮЩИЕ ЗНАКИ / PROHIBITORY SIGNS,3.21.2,Конец зоны запрещения обгона (временный),End of no overtaking zone (temporary)
§ 3. ЗАПРЕЩАЮЩИЕ ЗНАКИ / PROHIBITORY SIGNS,3.22,Обгон грузовым автомобилям запрещён,No overtaking by lorries
§ 3. ЗАПРЕЩАЮЩИЕ ЗНАКИ / PROHIBITORY SIGNS,3.23,Конец зоны запрещения обгона грузовым автомобилям,End of no overtaking by lorries zone
§ 3. ЗАПРЕЩАЮЩИЕ ЗНАКИ / PROHIBITORY SIGNS,3.24.1,Ограничение максимальной скорости,Maximum speed limit
§ 3. ЗАПРЕЩАЮЩИЕ ЗНАКИ / PROHIBITORY SIGNS,3.24.2,Ограничение максимальной скорости (временный),Maximum speed limit (temporary)
§ 3. ЗАПРЕЩАЮЩИЕ ЗНАКИ / PROHIBITORY SIGNS,3.25.1,Конец зоны ограничения максимальной скорости,End of maximum speed limit zone
§ 3. ЗАПРЕЩАЮЩИЕ ЗНАКИ / PROHIBITORY SIGNS,3.25.2,Конец зоны ограничения макс. скорости (временный),End of maximum speed limit zone (temporary)
§ 3. ЗАПРЕЩАЮЩИЕ ЗНАКИ / PROHIBITORY SIGNS,3.26,Подача звукового сигнала запрещена,No horns
§ 3. ЗАПРЕЩАЮЩИЕ ЗНАКИ / PROHIBITORY SIGNS,3.27,Остановка запрещена,No stopping
§ 3. ЗАПРЕЩАЮЩИЕ ЗНАКИ / PROHIBITORY SIGNS,3.28,Стоянка запрещена,No parking
§ 3. ЗАПРЕЩАЮЩИЕ ЗНАКИ / PROHIBITORY SIGNS,3.29,Стоянка запрещена по нечётным числам месяца,No parking on odd days
§ 3. ЗАПРЕЩАЮЩИЕ ЗНАКИ / PROHIBITORY SIGNS,3.30,Стоянка запрещена по чётным числам месяца,No parking on even days
§ 3. ЗАПРЕЩАЮЩИЕ ЗНАКИ / PROHIBITORY SIGNS,3.31,Конец зоны всех ограничений,End of all restrictions zone
§ 3. ЗАПРЕЩАЮЩИЕ ЗНАКИ / PROHIBITORY SIGNS,3.32,Движение ТС с опасными грузами запрещено,No dangerous goods vehicles
§ 3. ЗАПРЕЩАЮЩИЕ ЗНАКИ / PROHIBITORY SIGNS,3.33,Зона с ограничением максимальной скорости,Maximum speed limit zone
§ 3. ЗАПРЕЩАЮЩИЕ ЗНАКИ / PROHIBITORY SIGNS,3.34,Конец зоны с ограничением максимальной скорости,End of maximum speed limit zone
§ 3. ЗАПРЕЩАЮЩИЕ ЗНАКИ / PROHIBITORY SIGNS,3.35,Движение на средствах персональной мобильности запрещено,No personal mobility devices
§ 4. ПРЕДПИСЫВАЮЩИЕ ЗНАКИ / MANDATORY SIGNS,4.1.1,Движение прямо,Proceed straight
§ 4. ПРЕДПИСЫВАЮЩИЕ ЗНАКИ / MANDATORY SIGNS,4.1.2,Движение направо,Turn right
§ 4. ПРЕДПИСЫВАЮЩИЕ ЗНАКИ / MANDATORY SIGNS,4.1.3,Движение налево,Turn left
§ 4. ПРЕДПИСЫВАЮЩИЕ ЗНАКИ / MANDATORY SIGNS,4.1.4,Движение прямо или направо,Proceed straight or turn right
§ 4. ПРЕДПИСЫВАЮЩИЕ ЗНАКИ / MANDATORY SIGNS,4.1.5,Движение прямо или налево,Proceed straight or turn left
§ 4. ПРЕДПИСЫВАЮЩИЕ ЗНАКИ / MANDATORY SIGNS,4.1.6,Движение направо или налево,Turn right or left
§ 4. ПРЕДПИСЫВАЮЩИЕ ЗНАКИ / MANDATORY SIGNS,4.2.1,Объезд препятствия справа,Keep right
§ 4. ПРЕДПИСЫВАЮЩИЕ ЗНАКИ / MANDATORY SIGNS,4.2.2,Объезд препятствия слева,Keep left
§ 4. ПРЕДПИСЫВАЮЩИЕ ЗНАКИ / MANDATORY SIGNS,4.2.3,Объезд препятствия справа или слева,Keep right or left
§ 4. ПРЕДПИСЫВАЮЩИЕ ЗНАКИ / MANDATORY SIGNS,4.3,Круговое движение,Roundabout
§ 4. ПРЕДПИСЫВАЮЩИЕ ЗНАКИ / MANDATORY SIGNS,4.4,Движение легковых автомобилей,Passenger car traffic
§ 4. ПРЕДПИСЫВАЮЩИЕ ЗНАКИ / MANDATORY SIGNS,4.5.1,Велосипедная дорожка,Bicycle path
§ 4. ПРЕДПИСЫВАЮЩИЕ ЗНАКИ / MANDATORY SIGNS,4.5.2,Конец велосипедной дорожки,End of bicycle path
§ 4. ПРЕДПИСЫВАЮЩИЕ ЗНАКИ / MANDATORY SIGNS,4.6.1,Пешеходная дорожка,Footpath
§ 4. ПРЕДПИСЫВАЮЩИЕ ЗНАКИ / MANDATORY SIGNS,4.6.2,Конец пешеходной дорожки,End of footpath
§ 4. ПРЕДПИСЫВАЮЩИЕ ЗНАКИ / MANDATORY SIGNS,4.7,Ограничение минимальной скорости,Minimum speed limit
§ 4. ПРЕДПИСЫВАЮЩИЕ ЗНАКИ / MANDATORY SIGNS,4.8,Конец зоны ограничения минимальной скорости,End of minimum speed limit zone
§ 4. ПРЕДПИСЫВАЮЩИЕ ЗНАКИ / MANDATORY SIGNS,4.9.1,Направление движения ТС с опасными грузами (налево),Dangerous goods direction (left)
§ 4. ПРЕДПИСЫВАЮЩИЕ ЗНАКИ / MANDATORY SIGNS,4.9.2,Направление движения ТС с опасными грузами (прямо),Dangerous goods direction (straight)
§ 4. ПРЕДПИСЫВАЮЩИЕ ЗНАКИ / MANDATORY SIGNS,4.9.3,Направление движения ТС с опасными грузами (направо),Dangerous goods direction (right)
§ 4. ПРЕДПИСЫВАЮЩИЕ ЗНАКИ / MANDATORY SIGNS,4.10.1,Дорожка для всадников,Rider path
§ 4. ПРЕДПИСЫВАЮЩИЕ ЗНАКИ / MANDATORY SIGNS,4.10.2,Конец дорожки для всадников,End of rider path
§ 4. ПРЕДПИСЫВАЮЩИЕ ЗНАКИ / MANDATORY SIGNS,4.11.1,Начало пешеходной и велосипедной дорожки,Start of pedestrian and bicycle path
§ 4. ПРЕДПИСЫВАЮЩИЕ ЗНАКИ / MANDATORY SIGNS,4.11.2,Начало пешеходной и велосипедной дорожки,Start of pedestrian and bicycle path
§ 5. ИНФОРМАЦИОННО-УКАЗАТЕЛЬНЫЕ ЗНАКИ / INFORMATION SIGNS,5.1,Автомагистраль,Motorway
§ 5. ИНФОРМАЦИОННО-УКАЗАТЕЛЬНЫЕ ЗНАКИ / INFORMATION SIGNS,5.2,Конец автомагистрали,End of motorway
§ 5. ИНФОРМАЦИОННО-УКАЗАТЕЛЬНЫЕ ЗНАКИ / INFORMATION SIGNS,5.3,Дорога для автомобилей,Road for cars
§ 5. ИНФОРМАЦИОННО-УКАЗАТЕЛЬНЫЕ ЗНАКИ / INFORMATION SIGNS,5.4,Конец дороги для автомобилей,End of road for cars
§ 5. ИНФОРМАЦИОННО-УКАЗАТЕЛЬНЫЕ ЗНАКИ / INFORMATION SIGNS,5.5,Дорога с односторонним движением,One-way road
§ 5. ИНФОРМАЦИОННО-УКАЗАТЕЛЬНЫЕ ЗНАКИ / INFORMATION SIGNS,5.6,Конец дороги с односторонним движением,End of one-way road
§ 5. ИНФОРМАЦИОННО-УКАЗАТЕЛЬНЫЕ ЗНАКИ / INFORMATION SIGNS,5.7.1,Выезд на дорогу с односторонним движением,Exit to a one-way road
§ 5. ИНФОРМАЦИОННО-УКАЗАТЕЛЬНЫЕ ЗНАКИ / INFORMATION SIGNS,5.7.2,Выезд на дорогу с односторонним движением,Exit to a one-way road
§ 5. ИНФОРМАЦИОННО-УКАЗАТЕЛЬНЫЕ ЗНАКИ / INFORMATION SIGNS,5.8.1,Направления движения по полосам,Lane directions
§ 5. ИНФОРМАЦИОННО-УКАЗАТЕЛЬНЫЕ ЗНАКИ / INFORMATION SIGNS,5.8.2,Направления движения по полосам,Lane directions
§ 5. ИНФОРМАЦИОННО-УКАЗАТЕЛЬНЫЕ ЗНАКИ / INFORMATION SIGNS,5.8.3,Начало полосы,Start of lane
§ 5. ИНФОРМАЦИОННО-УКАЗАТЕЛЬНЫЕ ЗНАКИ / INFORMATION SIGNS,5.8.4,Начало полосы,Start of lane
§ 5. ИНФОРМАЦИОННО-УКАЗАТЕЛЬНЫЕ ЗНАКИ / INFORMATION SIGNS,5.8.5,Конец полосы,End of lane
§ 5. ИНФОРМАЦИОННО-УКАЗАТЕЛЬНЫЕ ЗНАКИ / INFORMATION SIGNS,5.8.6,Конец полосы,End of lane
§ 5. ИНФОРМАЦИОННО-УКАЗАТЕЛЬНЫЕ ЗНАКИ / INFORMATION SIGNS,5.8.7,Направление движения по полосе,Lane direction
§ 5. ИНФОРМАЦИОННО-УКАЗАТЕЛЬНЫЕ ЗНАКИ / INFORMATION SIGNS,5.8.8,Направление движения по полосе,Lane direction
§ 5. ИНФОРМАЦИОННО-УКАЗАТЕЛЬНЫЕ ЗНАКИ / INFORMATION SIGNS,5.9.1,Полоса для маршрутных ТС,Bus lane
§ 5. ИНФОРМАЦИОННО-УКАЗАТЕЛЬНЫЕ ЗНАКИ / INFORMATION SIGNS,5.9.2,Конец полосы для маршрутных ТС,End of bus lane
§ 5. ИНФОРМАЦИОННО-УКАЗАТЕЛЬНЫЕ ЗНАКИ / INFORMATION SIGNS,5.10.1,Дорога с полосой для маршрутных ТС,Road with bus lane
§ 5. ИНФОРМАЦИОННО-УКАЗАТЕЛЬНЫЕ ЗНАКИ / INFORMATION SIGNS,5.10.2,Выезд на дорогу с полосой для маршрутных ТС,End of road with bus lane
§ 5. ИНФОРМАЦИОННО-УКАЗАТЕЛЬНЫЕ ЗНАКИ / INFORMATION SIGNS,5.10.3,Выезд на дорогу с полосой для маршрутных ТС,Exit to road with bus lane
§ 5. ИНФОРМАЦИОННО-УКАЗАТЕЛЬНЫЕ ЗНАКИ / INFORMATION SIGNS,5.10.4,Конец дороги с полосой для маршрутных ТС,Exit to road with bus lane
§ 5. ИНФОРМАЦИОННО-УКАЗАТЕЛЬНЫЕ ЗНАКИ / INFORMATION SIGNS,5.10.5,Дорога с велосипедной дорожкой
§ 5. ИНФОРМАЦИОННО-УКАЗАТЕЛЬНЫЕ ЗНАКИ / INFORMATION SIGNS,5.10.6,Выезд на дорогу с велосипедной дорожкой
§ 5. ИНФОРМАЦИОННО-УКАЗАТЕЛЬНЫЕ ЗНАКИ / INFORMATION SIGNS,5.10.7,Выезд на дорогу с велосипедной дорожкой
§ 5. ИНФОРМАЦИОННО-УКАЗАТЕЛЬНЫЕ ЗНАКИ / INFORMATION SIGNS,5.10.8,Конец дороги с велосипедной дорожкой
§ 5. ИНФОРМАЦИОННО-УКАЗАТЕЛЬНЫЕ ЗНАКИ / INFORMATION SIGNS,5.11.1,Место для разворота,U-turn place
§ 5. ИНФОРМАЦИОННО-УКАЗАТЕЛЬНЫЕ ЗНАКИ / INFORMATION SIGNS,5.11.2,Зона для разворота,U-turn zone
§ 5. ИНФОРМАЦИОННО-УКАЗАТЕЛЬНЫЕ ЗНАКИ / INFORMATION SIGNS,5.12.1,Остановочный пункт автобуса и (или) троллейбуса,Bus and/or trolleybus stop
§ 5. ИНФОРМАЦИОННО-УКАЗАТЕЛЬНЫЕ ЗНАКИ / INFORMATION SIGNS,5.12.2,Место остановки автобуса и (или) троллейбуса,
§ 5. ИНФОРМАЦИОННО-УКАЗАТЕЛЬНЫЕ ЗНАКИ / INFORMATION SIGNS,5.13.1,Остановочный пункт трамвая,Tram stop
§ 5. ИНФОРМАЦИОННО-УКАЗАТЕЛЬНЫЕ ЗНАКИ / INFORMATION SIGNS,5.13.2,Место остановки трамвая,Tram stop
§ 5. ИНФОРМАЦИОННО-УКАЗАТЕЛЬНЫЕ ЗНАКИ / INFORMATION SIGNS,5.14.1,Остановочный пункт экспресс-маршрута,Express route stop
§ 5. ИНФОРМАЦИОННО-УКАЗАТЕЛЬНЫЕ ЗНАКИ / INFORMATION SIGNS,5.14.2,Место стоянки такси,Taxi stand
§ 5. ИНФОРМАЦИОННО-УКАЗАТЕЛЬНЫЕ ЗНАКИ / INFORMATION SIGNS,5.15,Место стоянки,Parking
§ 5. ИНФОРМАЦИОННО-УКАЗАТЕЛЬНЫЕ ЗНАКИ / INFORMATION SIGNS,5.16.1,Пешеходный переход,Pedestrian crossing
§ 5. ИНФОРМАЦИОННО-УКАЗАТЕЛЬНЫЕ ЗНАКИ / INFORMATION SIGNS,5.16.2,Пешеходный переход,Pedestrian crossing
§ 5. ИНФОРМАЦИОННО-УКАЗАТЕЛЬНЫЕ ЗНАКИ / INFORMATION SIGNS,5.16.3,Велосипедный переезд,Cyclist crossing
§ 5. ИНФОРМАЦИОННО-УКАЗАТЕЛЬНЫЕ ЗНАКИ / INFORMATION SIGNS,5.16.4,Велосипедный переезд,Cyclist crossing
§ 5. ИНФОРМАЦИОННО-УКАЗАТЕЛЬНЫЕ ЗНАКИ / INFORMATION SIGNS,5.17.1,Подземный пешеходный переход,Underpass
§ 5. ИНФОРМАЦИОННО-УКАЗАТЕЛЬНЫЕ ЗНАКИ / INFORMATION SIGNS,5.17.2,Подземный пешеходный переход,Underpass
§ 5. ИНФОРМАЦИОННО-УКАЗАТЕЛЬНЫЕ ЗНАКИ / INFORMATION SIGNS,5.17.3,Надземный пешеходный переход,Footbridge
§ 5. ИНФОРМАЦИОННО-УКАЗАТЕЛЬНЫЕ ЗНАКИ / INFORMATION SIGNS,5.17.4,Надземный пешеходный переход,Footbridge
§ 5. ИНФОРМАЦИОННО-УКАЗАТЕЛЬНЫЕ ЗНАКИ / INFORMATION SIGNS,5.18.1,Рекомендуемая скорость,Recommended speed
§ 5. ИНФОРМАЦИОННО-УКАЗАТЕЛЬНЫЕ ЗНАКИ / INFORMATION SIGNS,5.18.2,Конец зоны рекомендуемой скорости,End of recommended speed zone
§ 5. ИНФОРМАЦИОННО-УКАЗАТЕЛЬНЫЕ ЗНАКИ / INFORMATION SIGNS,5.19.1,Тупик,Dead end
§ 5. ИНФОРМАЦИОННО-УКАЗАТЕЛЬНЫЕ ЗНАКИ / INFORMATION SIGNS,5.19.2,Тупик,Dead end
§ 5. ИНФОРМАЦИОННО-УКАЗАТЕЛЬНЫЕ ЗНАКИ / INFORMATION SIGNS,5.19.3,Тупик,Dead end
§ 5. ИНФОРМАЦИОННО-УКАЗАТЕЛЬНЫЕ ЗНАКИ / INFORMATION SIGNS,5.20.1,Предварительный указатель направлений,Advance direction sign
§ 5. ИНФОРМАЦИОННО-УКАЗАТЕЛЬНЫЕ ЗНАКИ / INFORMATION SIGNS,5.20.2,Предварительный указатель направления,Advance direction sign
§ 5. ИНФОРМАЦИОННО-УКАЗАТЕЛЬНЫЕ ЗНАКИ / INFORMATION SIGNS,5.20.3,Схема движения,Traffic scheme
§ 5. ИНФОРМАЦИОННО-УКАЗАТЕЛЬНЫЕ ЗНАКИ / INFORMATION SIGNS,5.21.1,Указатель направления,Direction sign
§ 5. ИНФОРМАЦИОННО-УКАЗАТЕЛЬНЫЕ ЗНАКИ / INFORMATION SIGNS,5.21.2,Указатель направлений,Direction sign
§ 5. ИНФОРМАЦИОННО-УКАЗАТЕЛЬНЫЕ ЗНАКИ / INFORMATION SIGNS,5.22.1,Начало населённого пункта,Entrance to built-up area
§ 5. ИНФОРМАЦИОННО-УКАЗАТЕЛЬНЫЕ ЗНАКИ / INFORMATION SIGNS,5.22.2,Начало населённого пункта,Entrance to built-up area
§ 5. ИНФОРМАЦИОННО-УКАЗАТЕЛЬНЫЕ ЗНАКИ / INFORMATION SIGNS,5.23.1,Конец населённого пункта,End of built-up area
§ 5. ИНФОРМАЦИОННО-УКАЗАТЕЛЬНЫЕ ЗНАКИ / INFORMATION SIGNS,5.23.2,Конец населённого пункта,End of built-up area
§ 5. ИНФОРМАЦИОННО-УКАЗАТЕЛЬНЫЕ ЗНАКИ / INFORMATION SIGNS,5.24,Начало границы населённого пункта,Entrance to locality
§ 5. ИНФОРМАЦИОННО-УКАЗАТЕЛЬНЫЕ ЗНАКИ / INFORMATION SIGNS,5.25,Конец границы населённого пункта,End of locality
§ 5. ИНФОРМАЦИОННО-УКАЗАТЕЛЬНЫЕ ЗНАКИ / INFORMATION SIGNS,5.26.1,Наименование объекта (река),Object name (river)
§ 5. ИНФОРМАЦИОННО-УКАЗАТЕЛЬНЫЕ ЗНАКИ / INFORMATION SIGNS,5.26.2,Наименование объекта (улица),Object name (street)
§ 5. ИНФОРМАЦИОННО-УКАЗАТЕЛЬНЫЕ ЗНАКИ / INFORMATION SIGNS,5.27,Указатель расстояний,Distance indicator
§ 5. ИНФОРМАЦИОННО-УКАЗАТЕЛЬНЫЕ ЗНАКИ / INFORMATION SIGNS,5.28,Километровый знак,Kilometer sign
§ 5. ИНФОРМАЦИОННО-УКАЗАТЕЛЬНЫЕ ЗНАКИ / INFORMATION SIGNS,5.29.1,Номер дороги (европейский маршрут),Route number (European route)
§ 5. ИНФОРМАЦИОННО-УКАЗАТЕЛЬНЫЕ ЗНАКИ / INFORMATION SIGNS,5.29.2,Номер дороги (магистраль),Route number (highway)
§ 5. ИНФОРМАЦИОННО-УКАЗАТЕЛЬНЫЕ ЗНАКИ / INFORMATION SIGNS,5.29.3,Номер дороги (региональная),Route number (regional)
§ 5. ИНФОРМАЦИОННО-УКАЗАТЕЛЬНЫЕ ЗНАКИ / INFORMATION SIGNS,5.30.1,Направление движения грузовых автомобилей,Direction for lorries
§ 5. ИНФОРМАЦИОННО-УКАЗАТЕЛЬНЫЕ ЗНАКИ / INFORMATION SIGNS,5.30.2,Направление движения грузовых автомобилей,Direction for lorries
§ 5. ИНФОРМАЦИОННО-УКАЗАТЕЛЬНЫЕ ЗНАКИ / INFORMATION SIGNS,5.30.3,Направление движения грузовых автомобилей,Direction for lorries
§ 5. ИНФОРМАЦИОННО-УКАЗАТЕЛЬНЫЕ ЗНАКИ / INFORMATION SIGNS,5.31,Схема объезда,Detour scheme
§ 5. ИНФОРМАЦИОННО-УКАЗАТЕЛЬНЫЕ ЗНАКИ / INFORMATION SIGNS,5.32.1,Направление объезда,Detour direction
§ 5. ИНФОРМАЦИОННО-УКАЗАТЕЛЬНЫЕ ЗНАКИ / INFORMATION SIGNS,5.32.2,Направление объезда,Detour direction
§ 5. ИНФОРМАЦИОННО-УКАЗАТЕЛЬНЫЕ ЗНАКИ / INFORMATION SIGNS,5.32.3,Направление объезда,Detour direction
§ 5. ИНФОРМАЦИОННО-УКАЗАТЕЛЬНЫЕ ЗНАКИ / INFORMATION SIGNS,5.33,Стоп-линия,Stop line
§ 5. ИНФОРМАЦИОННО-УКАЗАТЕЛЬНЫЕ ЗНАКИ / INFORMATION SIGNS,5.34.1,Предварительный указатель перестроения,Advance lane change sign
§ 5. ИНФОРМАЦИОННО-УКАЗАТЕЛЬНЫЕ ЗНАКИ / INFORMATION SIGNS,5.34.2,Предварительный указатель перестроения,Advance lane change sign
§ 5. ИНФОРМАЦИОННО-УКАЗАТЕЛЬНЫЕ ЗНАКИ / INFORMATION SIGNS,5.35,Реверсивное движение,Reversible lane
§ 5. ИНФОРМАЦИОННО-УКАЗАТЕЛЬНЫЕ ЗНАКИ / INFORMATION SIGNS,5.36,Конец реверсивного движения,End of reversible lane
§ 5. ИНФОРМАЦИОННО-УКАЗАТЕЛЬНЫЕ ЗНАКИ / INFORMATION SIGNS,5.37,Выезд на дорогу с реверсивным движением,Entrance to road with reversible lane
§ 5. ИНФОРМАЦИОННО-УКАЗАТЕЛЬНЫЕ ЗНАКИ / INFORMATION SIGNS,5.38,Жилая зона,Residential area
§ 5. ИНФОРМАЦИОННО-УКАЗАТЕЛЬНЫЕ ЗНАКИ / INFORMATION SIGNS,5.39,Конец жилой зоны,End of residential area
§ 5. ИНФОРМАЦИОННО-УКАЗАТЕЛЬНЫЕ ЗНАКИ / INFORMATION SIGNS,5.40,Пешеходная зона,Pedestrian zone
§ 5. ИНФОРМАЦИОННО-УКАЗАТЕЛЬНЫЕ ЗНАКИ / INFORMATION SIGNS,5.41,Конец пешеходной зоны,End of pedestrian zone
§ 5. ИНФОРМАЦИОННО-УКАЗАТЕЛЬНЫЕ ЗНАКИ / INFORMATION SIGNS,5.42,Платная автомобильная дорога,Toll road
§ 5. ИНФОРМАЦИОННО-УКАЗАТЕЛЬНЫЕ ЗНАКИ / INFORMATION SIGNS,5.43,Конец платной автомобильной дороги,End of toll road
§ 6. ЗНАКИ СЕРВИСА / SERVICE SIGNS,6.1,Пункт медицинской помощи,First aid
§ 6. ЗНАКИ СЕРВИСА / SERVICE SIGNS,6.2,Больница,Hospital
§ 6. ЗНАКИ СЕРВИСА / SERVICE SIGNS,6.3.1,Автозаправочная станция,Gas station
§ 6. ЗНАКИ СЕРВИСА / SERVICE SIGNS,6.3.2,Автозаправочная станция,Gas station
§ 6. ЗНАКИ СЕРВИСА / SERVICE SIGNS,6.3.3,Автозаправочная станция,Gas station
§ 6. ЗНАКИ СЕРВИСА / SERVICE SIGNS,6.3.4,Совмещенная автозаправочная станция,
§ 6. ЗНАКИ СЕРВИСА / SERVICE SIGNS,6.4,Техническое обслуживание автомобилей,Vehicle maintenance
§ 6. ЗНАКИ СЕРВИСА / SERVICE SIGNS,6.5,Мойка автомобилей,Car wash
§ 6. ЗНАКИ СЕРВИСА / SERVICE SIGNS,6.6,Телефон,Phone
§ 6. ЗНАКИ СЕРВИСА / SERVICE SIGNS,6.7,Пункт питания,Food point
§ 6. ЗНАКИ СЕРВИСА / SERVICE SIGNS,6.8,Питьевая вода,Drinking water
§ 6. ЗНАКИ СЕРВИСА / SERVICE SIGNS,6.9,Гостиница или мотель,Hotel or motel
§ 6. ЗНАКИ СЕРВИСА / SERVICE SIGNS,6.10,Кемпинг,Camping
§ 6. ЗНАКИ СЕРВИСА / SERVICE SIGNS,6.11,Место отдыха,Rest area
§ 6. ЗНАКИ СЕРВИСА / SERVICE SIGNS,6.12.1,Милиция,Police
§ 6. ЗНАКИ СЕРВИСА / SERVICE SIGNS,6.12.2,ГАИ,Traffic police post
§ 6. ЗНАКИ СЕРВИСА / SERVICE SIGNS,6.13,Туалет,Toilet
§ 6. ЗНАКИ СЕРВИСА / SERVICE SIGNS,6.14,Пункт контроля транспортных средств,Vehicle inspection point
§ 6. ЗНАКИ СЕРВИСА / SERVICE SIGNS,6.15,Достопримечательность,Landmark
§ 6. ЗНАКИ СЕРВИСА / SERVICE SIGNS,6.16,Пункт обслуживания системы BelToll,BelToll service point
§ 7. ЗНАКИ ДОПОЛНИТЕЛЬНОЙ ИНФОРМАЦИИ (ТАБЛИЧКИ) / ADDITIONAL PLATES,7.1.1,Расстояние до объекта,Distance to object
§ 7. ЗНАКИ ДОПОЛНИТЕЛЬНОЙ ИНФОРМАЦИИ (ТАБЛИЧКИ) / ADDITIONAL PLATES,7.1.2,Расстояние до объекта,Distance to object
§ 7. ЗНАКИ ДОПОЛНИТЕЛЬНОЙ ИНФОРМАЦИИ (ТАБЛИЧКИ) / ADDITIONAL PLATES,7.1.3,Расстояние до объекта,Distance to object
§ 7. ЗНАКИ ДОПОЛНИТЕЛЬНОЙ ИНФОРМАЦИИ (ТАБЛИЧКИ) / ADDITIONAL PLATES,7.1.4,Расстояние до объекта,Distance to object
§ 7. ЗНАКИ ДОПОЛНИТЕЛЬНОЙ ИНФОРМАЦИИ (ТАБЛИЧКИ) / ADDITIONAL PLATES,7.2.1,Зона действия,Coverage area
§ 7. ЗНАКИ ДОПОЛНИТЕЛЬНОЙ ИНФОРМАЦИИ (ТАБЛИЧКИ) / ADDITIONAL PLATES,7.2.2,Зона действия,Coverage area
§ 7. ЗНАКИ ДОПОЛНИТЕЛЬНОЙ ИНФОРМАЦИИ (ТАБЛИЧКИ) / ADDITIONAL PLATES,7.2.3,Зона действия,Coverage area
§ 7. ЗНАКИ ДОПОЛНИТЕЛЬНОЙ ИНФОРМАЦИИ (ТАБЛИЧКИ) / ADDITIONAL PLATES,7.2.4,Зона действия,Coverage area
§ 7. ЗНАКИ ДОПОЛНИТЕЛЬНОЙ ИНФОРМАЦИИ (ТАБЛИЧКИ) / ADDITIONAL PLATES,7.2.5,Зона действия,Coverage area
§ 7. ЗНАКИ ДОПОЛНИТЕЛЬНОЙ ИНФОРМАЦИИ (ТАБЛИЧКИ) / ADDITIONAL PLATES,7.2.6,Зона действия,Coverage area
§ 7. ЗНАКИ ДОПОЛНИТЕЛЬНОЙ ИНФОРМАЦИИ (ТАБЛИЧКИ) / ADDITIONAL PLATES,7.3.1,Направление действия,Direction of action
§ 7. ЗНАКИ ДОПОЛНИТЕЛЬНОЙ ИНФОРМАЦИИ (ТАБЛИЧКИ) / ADDITIONAL PLATES,7.3.2,Направление действия,Direction of action
§ 7. ЗНАКИ ДОПОЛНИТЕЛЬНОЙ ИНФОРМАЦИИ (ТАБЛИЧКИ) / ADDITIONAL PLATES,7.3.3,Направление действия,Direction of action
§ 7. ЗНАКИ ДОПОЛНИТЕЛЬНОЙ ИНФОРМАЦИИ (ТАБЛИЧКИ) / ADDITIONAL PLATES,7.4.1,Вид транспортного средства (грузовые),Vehicle type (lorries)
§ 7. ЗНАКИ ДОПОЛНИТЕЛЬНОЙ ИНФОРМАЦИИ (ТАБЛИЧКИ) / ADDITIONAL PLATES,7.4.2,Вид транспортного средства (с прицепом),Vehicle type (with trailer)
§ 7. ЗНАКИ ДОПОЛНИТЕЛЬНОЙ ИНФОРМАЦИИ (ТАБЛИЧКИ) / ADDITIONAL PLATES,7.4.3,Вид транспортного средства (легковые),Vehicle type (cars)
§ 7. ЗНАКИ ДОПОЛНИТЕЛЬНОЙ ИНФОРМАЦИИ (ТАБЛИЧКИ) / ADDITIONAL PLATES,7.4.4,Вид транспортного средства (автобусы),Vehicle type (buses)
§ 7. ЗНАКИ ДОПОЛНИТЕЛЬНОЙ ИНФОРМАЦИИ (ТАБЛИЧКИ) / ADDITIONAL PLATES,7.4.5,Вид транспортного средства (тракторы),Vehicle type (tractors)
§ 7. ЗНАКИ ДОПОЛНИТЕЛЬНОЙ ИНФОРМАЦИИ (ТАБЛИЧКИ) / ADDITIONAL PLATES,7.4.6,Вид транспортного средства (мотоциклы),Vehicle type (motorcycles)
§ 7. ЗНАКИ ДОПОЛНИТЕЛЬНОЙ ИНФОРМАЦИИ (ТАБЛИЧКИ) / ADDITIONAL PLATES,7.4.7,Вид транспортного средства (велосипеды),Vehicle type (bicycles)
§ 7. ЗНАКИ ДОПОЛНИТЕЛЬНОЙ ИНФОРМАЦИИ (ТАБЛИЧКИ) / ADDITIONAL PLATES,7.4.8,Вид транспортного средства,Vehicle type (disabled)
§ 7. ЗНАКИ ДОПОЛНИТЕЛЬНОЙ ИНФОРМАЦИИ (ТАБЛИЧКИ) / ADDITIONAL PLATES,7.4.9,Вид транспортного средства
§ 7. ЗНАКИ ДОПОЛНИТЕЛЬНОЙ ИНФОРМАЦИИ (ТАБЛИЧКИ) / ADDITIONAL PLATES,7.4.10,Вид транспортного средства
§ 7. ЗНАКИ ДОПОЛНИТЕЛЬНОЙ ИНФОРМАЦИИ (ТАБЛИЧКИ) / ADDITIONAL PLATES,7.4.11,Вид транспортного средства
§ 7. ЗНАКИ ДОПОЛНИТЕЛЬНОЙ ИНФОРМАЦИИ (ТАБЛИЧКИ) / ADDITIONAL PLATES,7.5.1,"Субботние, воскресные и праздничные дни","Saturdays, Sundays and holidays"
§ 7. ЗНАКИ ДОПОЛНИТЕЛЬНОЙ ИНФОРМАЦИИ (ТАБЛИЧКИ) / ADDITIONAL PLATES,7.5.2,Рабочие дни,Working days
§ 7. ЗНАКИ ДОПОЛНИТЕЛЬНОЙ ИНФОРМАЦИИ (ТАБЛИЧКИ) / ADDITIONAL PLATES,7.5.3,Дни недели,Days of the week
§ 7. ЗНАКИ ДОПОЛНИТЕЛЬНОЙ ИНФОРМАЦИИ (ТАБЛИЧКИ) / ADDITIONAL PLATES,7.5.4,Время действия,Validity period
§ 7. ЗНАКИ ДОПОЛНИТЕЛЬНОЙ ИНФОРМАЦИИ (ТАБЛИЧКИ) / ADDITIONAL PLATES,7.5.5,Время действия,Validity period
§ 7. ЗНАКИ ДОПОЛНИТЕЛЬНОЙ ИНФОРМАЦИИ (ТАБЛИЧКИ) / ADDITIONAL PLATES,7.5.6,Время действия,Validity period
§ 7. ЗНАКИ ДОПОЛНИТЕЛЬНОЙ ИНФОРМАЦИИ (ТАБЛИЧКИ) / ADDITIONAL PLATES,7.5.7,Время действия,Validity period
§ 7. ЗНАКИ ДОПОЛНИТЕЛЬНОЙ ИНФОРМАЦИИ (ТАБЛИЧКИ) / ADDITIONAL PLATES,7.5.8,Светлое время суток
§ 7. ЗНАКИ ДОПОЛНИТЕЛЬНОЙ ИНФОРМАЦИИ (ТАБЛИЧКИ) / ADDITIONAL PLATES,7.5.9,Темное время суток
§ 7. ЗНАКИ ДОПОЛНИТЕЛЬНОЙ ИНФОРМАЦИИ (ТАБЛИЧКИ) / ADDITIONAL PLATES,7.5.10,Зимний период
§ 7. ЗНАКИ ДОПОЛНИТЕЛЬНОЙ ИНФОРМАЦИИ (ТАБЛИЧКИ) / ADDITIONAL PLATES,7.6.1,Способ постановки ТС на стоянку,Parking method
§ 7. ЗНАКИ ДОПОЛНИТЕЛЬНОЙ ИНФОРМАЦИИ (ТАБЛИЧКИ) / ADDITIONAL PLATES,7.6.2,Способ постановки ТС на стоянку,Parking method
§ 7. ЗНАКИ ДОПОЛНИТЕЛЬНОЙ ИНФОРМАЦИИ (ТАБЛИЧКИ) / ADDITIONAL PLATES,7.6.3,Способ постановки ТС на стоянку,Parking method
§ 7. ЗНАКИ ДОПОЛНИТЕЛЬНОЙ ИНФОРМАЦИИ (ТАБЛИЧКИ) / ADDITIONAL PLATES,7.6.4,Способ постановки ТС на стоянку,Parking method
§ 7. ЗНАКИ ДОПОЛНИТЕЛЬНОЙ ИНФОРМАЦИИ (ТАБЛИЧКИ) / ADDITIONAL PLATES,7.6.5,Способ постановки ТС на стоянку,Parking method
§ 7. ЗНАКИ ДОПОЛНИТЕЛЬНОЙ ИНФОРМАЦИИ (ТАБЛИЧКИ) / ADDITIONAL PLATES,7.6.6,Способ постановки ТС на стоянку,Parking method
§ 7. ЗНАКИ ДОПОЛНИТЕЛЬНОЙ ИНФОРМАЦИИ (ТАБЛИЧКИ) / ADDITIONAL PLATES,7.6.7,Способ постановки ТС на стоянку,Parking method
§ 7. ЗНАКИ ДОПОЛНИТЕЛЬНОЙ ИНФОРМАЦИИ (ТАБЛИЧКИ) / ADDITIONAL PLATES,7.6.8,Способ постановки ТС на стоянку,Parking method
§ 7. ЗНАКИ ДОПОЛНИТЕЛЬНОЙ ИНФОРМАЦИИ (ТАБЛИЧКИ) / ADDITIONAL PLATES,7.6.9,Способ постановки ТС на стоянку,Parking method
§ 7. ЗНАКИ ДОПОЛНИТЕЛЬНОЙ ИНФОРМАЦИИ (ТАБЛИЧКИ) / ADDITIONAL PLATES,7.6.10,Способ постановки ТС на стоянку,Parking method
§ 7. ЗНАКИ ДОПОЛНИТЕЛЬНОЙ ИНФОРМАЦИИ (ТАБЛИЧКИ) / ADDITIONAL PLATES,7.6.11,Способ постановки ТС на стоянку,Parking method
§ 7. ЗНАКИ ДОПОЛНИТЕЛЬНОЙ ИНФОРМАЦИИ (ТАБЛИЧКИ) / ADDITIONAL PLATES,7.6.12,Способ постановки ТС на стоянку,Parking method
§ 7. ЗНАКИ ДОПОЛНИТЕЛЬНОЙ ИНФОРМАЦИИ (ТАБЛИЧКИ) / ADDITIONAL PLATES,7.6.13,Способ постановки ТС на стоянку,Parking method
§ 7. ЗНАКИ ДОПОЛНИТЕЛЬНОЙ ИНФОРМАЦИИ (ТАБЛИЧКИ) / ADDITIONAL PLATES,7.6.14,Способ постановки ТС на стоянку,Parking method
§ 7. ЗНАКИ ДОПОЛНИТЕЛЬНОЙ ИНФОРМАЦИИ (ТАБЛИЧКИ) / ADDITIONAL PLATES,7.6.15,Способ постановки ТС на стоянку,Parking method
§ 7. ЗНАКИ ДОПОЛНИТЕЛЬНОЙ ИНФОРМАЦИИ (ТАБЛИЧКИ) / ADDITIONAL PLATES,7.6.16,Способ постановки ТС на стоянку,Parking method
§ 7. ЗНАКИ ДОПОЛНИТЕЛЬНОЙ ИНФОРМАЦИИ (ТАБЛИЧКИ) / ADDITIONAL PLATES,7.6.17,Способ постановки ТС на стоянку,Parking method
§ 7. ЗНАКИ ДОПОЛНИТЕЛЬНОЙ ИНФОРМАЦИИ (ТАБЛИЧКИ) / ADDITIONAL PLATES,7.6.18,Способ постановки ТС на стоянку,Parking method
§ 7. ЗНАКИ ДОПОЛНИТЕЛЬНОЙ ИНФОРМАЦИИ (ТАБЛИЧКИ) / ADDITIONAL PLATES,7.7,Количество опасных поворотов,Number of dangerous turns
§ 7. ЗНАКИ ДОПОЛНИТЕЛЬНОЙ ИНФОРМАЦИИ (ТАБЛИЧКИ) / ADDITIONAL PLATES,7.8,Платные услуги,Paid services
§ 7. ЗНАКИ ДОПОЛНИТЕЛЬНОЙ ИНФОРМАЦИИ (ТАБЛИЧКИ) / ADDITIONAL PLATES,7.9,Ограничение продолжительности стоянки,Parking time limit
§ 7. ЗНАКИ ДОПОЛНИТЕЛЬНОЙ ИНФОРМАЦИИ (ТАБЛИЧКИ) / ADDITIONAL PLATES,7.10,Место для осмотра автомобилей,Vehicle inspection place
§ 7. ЗНАКИ ДОПОЛНИТЕЛЬНОЙ ИНФОРМАЦИИ (ТАБЛИЧКИ) / ADDITIONAL PLATES,7.11,Ограничение максимальной массы,Maximum mass limit
§ 7. ЗНАКИ ДОПОЛНИТЕЛЬНОЙ ИНФОРМАЦИИ (ТАБЛИЧКИ) / ADDITIONAL PLATES,7.12,Нанесение разметки,Road marking
§ 7. ЗНАКИ ДОПОЛНИТЕЛЬНОЙ ИНФОРМАЦИИ (ТАБЛИЧКИ) / ADDITIONAL PLATES,7.13,Направление главной дороги,Direction of main road
§ 7. ЗНАКИ ДОПОЛНИТЕЛЬНОЙ ИНФОРМАЦИИ (ТАБЛИЧКИ) / ADDITIONAL PLATES,7.14,Полоса движения,Traffic lane
§ 7. ЗНАКИ ДОПОЛНИТЕЛЬНОЙ ИНФОРМАЦИИ (ТАБЛИЧКИ) / ADDITIONAL PLATES,7.15,Пешеходы — инвалиды по зрению,Blind pedestrians
§ 7. ЗНАКИ ДОПОЛНИТЕЛЬНОЙ ИНФОРМАЦИИ (ТАБЛИЧКИ) / ADDITIONAL PLATES,7.16,Влажное покрытие,Wet surface
§ 7. ЗНАКИ ДОПОЛНИТЕЛЬНОЙ ИНФОРМАЦИИ (ТАБЛИЧКИ) / ADDITIONAL PLATES,7.17,Инвалиды,Disabled
§ 7. ЗНАКИ ДОПОЛНИТЕЛЬНОЙ ИНФОРМАЦИИ (ТАБЛИЧКИ) / ADDITIONAL PLATES,7.18,Кроме инвалидов,Except disabled
§ 7. ЗНАКИ ДОПОЛНИТЕЛЬНОЙ ИНФОРМАЦИИ (ТАБЛИЧКИ) / ADDITIONAL PLATES,7.19,Класс опасного груза,Dangerous goods class
§ 7. ЗНАКИ ДОПОЛНИТЕЛЬНОЙ ИНФОРМАЦИИ (ТАБЛИЧКИ) / ADDITIONAL PLATES,7.20,Эвакуатор,Tow truck
§ 7. ЗНАКИ ДОПОЛНИТЕЛЬНОЙ ИНФОРМАЦИИ (ТАБЛИЧКИ) / ADDITIONAL PLATES,7.21,Скользкая полоса наката,Slippery track
§ 7. ЗНАКИ ДОПОЛНИТЕЛЬНОЙ ИНФОРМАЦИИ (ТАБЛИЧКИ) / ADDITIONAL PLATES,7.22.1,Вид опасности,Type of danger
§ 7. ЗНАКИ ДОПОЛНИТЕЛЬНОЙ ИНФОРМАЦИИ (ТАБЛИЧКИ) / ADDITIONAL PLATES,7.22.2,Вид опасности,Type of danger
§ 7. ЗНАКИ ДОПОЛНИТЕЛЬНОЙ ИНФОРМАЦИИ (ТАБЛИЧКИ) / ADDITIONAL PLATES,7.22.3,Вид опасности,Type of danger
§ 7. ЗНАКИ ДОПОЛНИТЕЛЬНОЙ ИНФОРМАЦИИ (ТАБЛИЧКИ) / ADDITIONAL PLATES,7.22.4,Вид опасности,Type of danger
§ 7. ЗНАКИ ДОПОЛНИТЕЛЬНОЙ ИНФОРМАЦИИ (ТАБЛИЧКИ) / ADDITIONAL PLATES,7.23,Экстренная помощь,Emergency help

